Episode #,Queue File,Story Title,KDP Title,Subtitle,Categories (Primary),Categories (Secondary),Keywords,Price (USD),Royalty %,Status
1,kids-channel/scripts/sunny-and-the-still-pond.json,Sunny And The Still Pond,Sonny's Cozy Quokka Bedtime Tales: Sunny And The Still Pond,A Calm Bedtime Story for Toddlers,Children's eBooks > Bedtime & Dreams,Children's eBooks > Animals > Mammals,children's picture book; bedtime stories; toddler books; australian animals; quokka; calm stories,4.99,70%,Not uploaded
2,kids-channel/scripts/sunny-meets-the-platypus.json,Sunny Meets The Platypus,Sonny's Cozy Quokka Bedtime Tales: Sunny Meets The Platypus,A Calm Bedtime Story for Toddlers,Children's eBooks > Bedtime & Dreams,Children's eBooks > Animals > Mammals,children's picture book; bedtime stories; toddler books; australian animals; quokka; calm stories,4.99,70%,Not uploaded
3,kids-channel/scripts/sunny-and-the-gentle-stream.json,Sunny And The Gentle Stream,Sonny's Cozy Quokka Bedtime Tales: Sunny And The Gentle Stream,A Calm Bedtime Story for Toddlers,Children's eBooks > Bedtime & Dreams,Children's eBooks > Animals > Mammals,children's picture book; bedtime stories; toddler books; australian animals; quokka; calm stories,4.99,70%,Not uploaded
4,kids-channel/scripts/sunny-and-the-wallaby-joey.json,Sunny And The Wallaby Joey,Sonny's Cozy Quokka Bedtime Tales: Sunny And The Wallaby Joey,A Calm Bedtime Story for Toddlers,Children's eBooks > Bedtime & Dreams,Children's eBooks > Animals > Mammals,children's picture book; bedtime stories; toddler books; australian animals; quokka; calm stories,4.99,70%,Not uploaded
5,kids-channel/scripts/sunny-and-the-gentle-breeze.json,Sunny And The Gentle Breeze,Sonny's Cozy Quokka Bedtime Tales: Sunny And The Gentle Breeze,A Calm Bedtime Story for Toddlers,Children's eBooks > Bedtime & Dreams,Children's eBooks > Animals > Mammals,children's picture book; bedtime stories; toddler books; australian animals; quokka; calm stories,4.99,70%,Not uploaded
6,kids-channel/scripts/sunny-and-the-sugar-glider.json,Sunny And The Sugar Glider,Sonny's Cozy Quokka Bedtime Tales: Sunny And The Sugar Glider,A Calm Bedtime Story for Toddlers,Children's eBooks > Bedtime & Dreams,Children's eBooks > Animals > Mammals,children's picture book; bedtime stories; toddler books; australian animals; quokka; calm stories,4.99,70%,Not uploaded
7,kids-channel/scripts/sunny-and-the-shooting-star.json,Sunny And The Shooting Star,Sonny's Cozy Quokka Bedtime Tales: Sunny And The Shooting Star,A Calm Bedtime Story for Toddlers,Children's eBooks > Bedtime & Dreams,Children's eBooks > Animals > Mammals,children's picture book; bedtime stories; toddler books; australian animals; quokka; calm stories,4.99,70%,Not uploaded
8,kids-channel/scripts/sunny-and-the-tawny-frogmouth.json,Sunny And The Tawny Frogmouth,Sonny's Cozy Quokka Bedtime Tales: Sunny And The Tawny Frogmouth,A Calm Bedtime Story for Toddlers,Children's eBooks > Bedtime & Dreams,Children's eBooks > Animals > Mammals,children's picture book; bedtime stories; toddler books; australian animals; quokka; calm stories,4.99,70%,Not uploaded
9,kids-channel/scripts/sunny-and-the-tiny-bilby.json,Sunny And The Tiny Bilby,Sonny's Cozy Quokka Bedtime Tales: Sunny And The Tiny Bilby,A Calm Bedtime Story for Toddlers,Children's eBooks > Bedtime & Dreams,Children's eBooks > Animals > Mammals,children's picture book; bedtime stories; toddler books; australian animals; quokka; calm stories,4.99,70%,Not uploaded
10,kids-channel/scripts/sunny-and-the-morning-mist.json,Sunny And The Morning Mist,Sonny's Cozy Quokka Bedtime Tales: Sunny And The Morning Mist,A Calm Bedtime Story for Toddlers,Children's eBooks > Bedtime & Dreams,Children's eBooks > Animals > Mammals,children's picture book; bedtime stories; toddler books; australian animals; quokka; calm stories,4.99,70%,Not uploaded
11,kids-channel/scripts/ep01-sunny-watches-the-stars.json,Sunny Watches The Stars,Sonny's Cozy Quokka Bedtime Tales: Sunny Watches The Stars,A Calm Bedtime Story for Toddlers,Children's eBooks > Bedtime & Dreams,Children's eBooks > Animals > Mammals,children's picture book; bedtime stories; toddler books; australian animals; quokka; calm stories,4.99,70%,Not uploaded
12,kids-channel/scripts/sunny-and-the-water-reeds.json,Sunny And The Water Reeds,Sonny's Cozy Quokka Bedtime Tales: Sunny And The Water Reeds,A Calm Bedtime Story for Toddlers,Children's eBooks > Bedtime & Dreams,Children's eBooks > Animals > Mammals,children's picture book; bedtime stories; toddler books; australian animals; quokka; calm stories,4.99,70%,Not uploaded
13,kids-channel/scripts/sunny-and-the-little-turtle.json,Sunny And The Little Turtle,Sonny's Cozy Quokka Bedtime Tales: Sunny And The Little Turtle,A Calm Bedtime Story for Toddlers,Children's eBooks > Bedtime & Dreams,Children's eBooks > Animals > Mammals,children's picture book; bedtime stories; toddler books; australian animals; quokka; calm stories,4.99,70%,Not uploaded
14,kids-channel/scripts/sunny-and-the-misty-creek.json,Sunny And The Misty Creek,Sonny's Cozy Quokka Bedtime Tales: Sunny And The Misty Creek,A Calm Bedtime Story for Toddlers,Children's eBooks > Bedtime & Dreams,Children's eBooks > Animals > Mammals,children's picture book; bedtime stories; toddler books; australian animals; quokka; calm stories,4.99,70%,Not uploaded
15,kids-channel/scripts/sunny-and-the-lily-pads.json,Sunny And The Lily Pads,Sonny's Cozy Quokka Bedtime Tales: Sunny And The Lily Pads,A Calm Bedtime Story for Toddlers,Children's eBooks > Bedtime & Dreams,Children's eBooks > Animals > Mammals,children's picture book; bedtime stories; toddler books; australian animals; quokka; calm stories,4.99,70%,Not uploaded
16,kids-channel/scripts/sunny-and-the-dragonfly.json,Sunny And The Dragonfly,Sonny's Cozy Quokka Bedtime Tales: Sunny And The Dragonfly,A Calm Bedtime Story for Toddlers,Children's eBooks > Bedtime & Dreams,Children's eBooks > Animals > Mammals,children's picture book; bedtime stories; toddler books; australian animals; quokka; calm stories,4.99,70%,Not uploaded
17,kids-channel/scripts/sunny-and-the-cloud-shapes.json,Sunny And The Cloud Shapes,Sonny's Cozy Quokka Bedtime Tales: Sunny And The Cloud Shapes,A Calm Bedtime Story for Toddlers,Children's eBooks > Bedtime & Dreams,Children's eBooks > Animals > Mammals,children's picture book; bedtime stories; toddler books; australian animals; quokka; calm stories,4.99,70%,Not uploaded
18,kids-channel/scripts/sunny-and-the-flying-fox.json,Sunny And The Flying Fox,Sonny's Cozy Quokka Bedtime Tales: Sunny And The Flying Fox,A Calm Bedtime Story for Toddlers,Children's eBooks > Bedtime & Dreams,Children's eBooks > Animals > Mammals,children's picture book; bedtime stories; toddler books; australian animals; quokka; calm stories,4.99,70%,Not uploaded
19,kids-channel/scripts/sunny-and-the-big-wind.json,Sunny And The Big Wind,Sonny's Cozy Quokka Bedtime Tales: Sunny And The Big Wind,A Calm Bedtime Story for Toddlers,Children's eBooks > Bedtime & Dreams,Children's eBooks > Animals > Mammals,children's picture book; bedtime stories; toddler books; australian animals; quokka; calm stories,4.99,70%,Not uploaded
20,kids-channel/scripts/sunny-and-the-seed-puffs.json,Sunny And The Seed Puffs,Sonny's Cozy Quokka Bedtime Tales: Sunny And The Seed Puffs,A Calm Bedtime Story for Toddlers,Children's eBooks > Bedtime & Dreams,Children's eBooks > Animals > Mammals,children's picture book; bedtime stories; toddler books; australian animals; quokka; calm stories,4.99,70%,Not uploaded
21,kids-channel/scripts/sunny-and-the-night-birds-song.json,Sunny And The Night Birds Song,Sonny's Cozy Quokka Bedtime Tales: Sunny And The Night Birds Song,A Calm Bedtime Story for Toddlers,Children's eBooks > Bedtime & Dreams,Children's eBooks > Animals > Mammals,children's picture book; bedtime stories; toddler books; australian animals; quokka; calm stories,4.99,70%,Not uploaded
22,kids-channel/scripts/sunny-watches-the-milky-way.json,Sunny Watches The Milky Way,Sonny's Cozy Quokka Bedtime Tales: Sunny Watches The Milky Way,A Calm Bedtime Story for Toddlers,Children's eBooks > Bedtime & Dreams,Children's eBooks > Animals > Mammals,children's picture book; bedtime stories; toddler books; australian animals; quokka; calm stories,4.99,70%,Not uploaded
23,kids-channel/scripts/sunny-and-the-boobook-owl.json,Sunny And The Boobook Owl,Sonny's Cozy Quokka Bedtime Tales: Sunny And The Boobook Owl,A Calm Bedtime Story for Toddlers,Children's eBooks > Bedtime & Dreams,Children's eBooks > Animals > Mammals,children's picture book; bedtime stories; toddler books; australian animals; quokka; calm stories,4.99,70%,Not uploaded
24,kids-channel/scripts/sunny-and-the-crescent-moon.json,Sunny And The Crescent Moon,Sonny's Cozy Quokka Bedtime Tales: Sunny And The Crescent Moon,A Calm Bedtime Story for Toddlers,Children's eBooks > Bedtime & Dreams,Children's eBooks > Animals > Mammals,children's picture book; bedtime stories; toddler books; australian animals; quokka; calm stories,4.99,70%,Not uploaded
25,kids-channel/scripts/sunny-makes-a-wish.json,Sunny Makes A Wish,Sonny's Cozy Quokka Bedtime Tales: Sunny Makes A Wish,A Calm Bedtime Story for Toddlers,Children's eBooks > Bedtime & Dreams,Children's eBooks > Animals > Mammals,children's picture book; bedtime stories; toddler books; australian animals; quokka; calm stories,4.99,70%,Not uploaded
26,kids-channel/scripts/sunny-and-the-hidden-star.json,Sunny And The Hidden Star,Sonny's Cozy Quokka Bedtime Tales: Sunny And The Hidden Star,A Calm Bedtime Story for Toddlers,Children's eBooks > Bedtime & Dreams,Children's eBooks > Animals > Mammals,children's picture book; bedtime stories; toddler books; australian animals; quokka; calm stories,4.99,70%,Not uploaded
27,kids-channel/scripts/sunny-and-the-stone-curlew.json,Sunny And The Stone Curlew,Sonny's Cozy Quokka Bedtime Tales: Sunny And The Stone Curlew,A Calm Bedtime Story for Toddlers,Children's eBooks > Bedtime & Dreams,Children's eBooks > Animals > Mammals,children's picture book; bedtime stories; toddler books; australian animals; quokka; calm stories,4.99,70%,Not uploaded
28,kids-channel/scripts/sunny-and-the-gumnut-babies.json,Sunny And The Gumnut Babies,Sonny's Cozy Quokka Bedtime Tales: Sunny And The Gumnut Babies,A Calm Bedtime Story for Toddlers,Children's eBooks > Bedtime & Dreams,Children's eBooks > Animals > Mammals,children's picture book; bedtime stories; toddler books; australian animals; quokka; calm stories,4.99,70%,Not uploaded
29,kids-channel/scripts/sunny-and-the-moss-path.json,Sunny And The Moss Path,Sonny's Cozy Quokka Bedtime Tales: Sunny And The Moss Path,A Calm Bedtime Story for Toddlers,Children's eBooks > Bedtime & Dreams,Children's eBooks > Animals > Mammals,children's picture book; bedtime stories; toddler books; australian animals; quokka; calm stories,4.99,70%,Not uploaded
30,kids-channel/scripts/sunny-and-the-little-quoll.json,Sunny And The Little Quoll,Sonny's Cozy Quokka Bedtime Tales: Sunny And The Little Quoll,A Calm Bedtime Story for Toddlers,Children's eBooks > Bedtime & Dreams,Children's eBooks > Animals > Mammals,children's picture book; bedtime stories; toddler books; australian animals; quokka; calm stories,4.99,70%,Not uploaded
31,kids-channel/scripts/sunny-and-the-bush-mouse.json,Sunny And The Bush Mouse,Sonny's Cozy Quokka Bedtime Tales: Sunny And The Bush Mouse,A Calm Bedtime Story for Toddlers,Children's eBooks > Bedtime & Dreams,Children's eBooks > Animals > Mammals,children's picture book; bedtime stories; toddler books; australian animals; quokka; calm stories,4.99,70%,Not uploaded
32,kids-channel/scripts/sunny-and-the-mushroom-circle.json,Sunny And The Mushroom Circle,Sonny's Cozy Quokka Bedtime Tales: Sunny And The Mushroom Circle,A Calm Bedtime Story for Toddlers,Children's eBooks > Bedtime & Dreams,Children's eBooks > Animals > Mammals,children's picture book; bedtime stories; toddler books; australian animals; quokka; calm stories,4.99,70%,Not uploaded
33,kids-channel/scripts/sunny-and-the-banksia-pods.json,Sunny And The Banksia Pods,Sonny's Cozy Quokka Bedtime Tales: Sunny And The Banksia Pods,A Calm Bedtime Story for Toddlers,Children's eBooks > Bedtime & Dreams,Children's eBooks > Animals > Mammals,children's picture book; bedtime stories; toddler books; australian animals; quokka; calm stories,4.99,70%,Not uploaded
34,kids-channel/scripts/sunny-and-the-stick-insect.json,Sunny And The Stick Insect,Sonny's Cozy Quokka Bedtime Tales: Sunny And The Stick Insect,A Calm Bedtime Story for Toddlers,Children's eBooks > Bedtime & Dreams,Children's eBooks > Animals > Mammals,children's picture book; bedtime stories; toddler books; australian animals; quokka; calm stories,4.99,70%,Not uploaded
35,kids-channel/scripts/sunny-and-the-gentle-thunder.json,Sunny And The Gentle Thunder,Sonny's Cozy Quokka Bedtime Tales: Sunny And The Gentle Thunder,A Calm Bedtime Story for Toddlers,Children's eBooks > Bedtime & Dreams,Children's eBooks > Animals > Mammals,children's picture book; bedtime stories; toddler books; australian animals; quokka; calm stories,4.99,70%,Not uploaded
36,kids-channel/scripts/sunny-and-the-silver-dew.json,Sunny And The Silver Dew,Sonny's Cozy Quokka Bedtime Tales: Sunny And The Silver Dew,A Calm Bedtime Story for Toddlers,Children's eBooks > Bedtime & Dreams,Children's eBooks > Animals > Mammals,children's picture book; bedtime stories; toddler books; australian animals; quokka; calm stories,4.99,70%,Not uploaded
37,kids-channel/scripts/sunny-and-the-blue-tongue-lizard.json,Sunny And The Blue Tongue Lizard,Sonny's Cozy Quokka Bedtime Tales: Sunny And The Blue Tongue Lizard,A Calm Bedtime Story for Toddlers,Children's eBooks > Bedtime & Dreams,Children's eBooks > Animals > Mammals,children's picture book; bedtime stories; toddler books; australian animals; quokka; calm stories,4.99,70%,Not uploaded
38,kids-channel/scripts/sunny-and-the-little-gecko.json,Sunny And The Little Gecko,Sonny's Cozy Quokka Bedtime Tales: Sunny And The Little Gecko,A Calm Bedtime Story for Toddlers,Children's eBooks > Bedtime & Dreams,Children's eBooks > Animals > Mammals,children's picture book; bedtime stories; toddler books; australian animals; quokka; calm stories,4.99,70%,Not uploaded
39,kids-channel/scripts/sunny-and-the-warm-rock.json,Sunny And The Warm Rock,Sonny's Cozy Quokka Bedtime Tales: Sunny And The Warm Rock,A Calm Bedtime Story for Toddlers,Children's eBooks > Bedtime & Dreams,Children's eBooks > Animals > Mammals,children's picture book; bedtime stories; toddler books; australian animals; quokka; calm stories,4.99,70%,Not uploaded
40,kids-channel/scripts/sunny-and-the-rain-puddles.json,Sunny And The Rain Puddles,Sonny's Cozy Quokka Bedtime Tales: Sunny And The Rain Puddles,A Calm Bedtime Story for Toddlers,Children's eBooks > Bedtime & Dreams,Children's eBooks > Animals > Mammals,children's picture book; bedtime stories; toddler books; australian animals; quokka; calm stories,4.99,70%,Not uploaded
41,kids-channel/scripts/sunny-and-the-fog.json,Sunny And The Fog,Sonny's Cozy Quokka Bedtime Tales: Sunny And The Fog,A Calm Bedtime Story for Toddlers,Children's eBooks > Bedtime & Dreams,Children's eBooks > Animals > Mammals,children's picture book; bedtime stories; toddler books; australian animals; quokka; calm stories,4.99,70%,Not uploaded
42,kids-channel/scripts/sunny-and-the-kookaburra-chick.json,Sunny And The Kookaburra Chick,Sonny's Cozy Quokka Bedtime Tales: Sunny And The Kookaburra Chick,A Calm Bedtime Story for Toddlers,Children's eBooks > Bedtime & Dreams,Children's eBooks > Animals > Mammals,children's picture book; bedtime stories; toddler books; australian animals; quokka; calm stories,4.99,70%,Not uploaded
43,kids-channel/scripts/sunny-and-the-lyrebird.json,Sunny And The Lyrebird,Sonny's Cozy Quokka Bedtime Tales: Sunny And The Lyrebird,A Calm Bedtime Story for Toddlers,Children's eBooks > Bedtime & Dreams,Children's eBooks > Animals > Mammals,children's picture book; bedtime stories; toddler books; australian animals; quokka; calm stories,4.99,70%,Not uploaded
44,kids-channel/scripts/sunny-and-the-cockatoo-family.json,Sunny And The Cockatoo Family,Sonny's Cozy Quokka Bedtime Tales: Sunny And The Cockatoo Family,A Calm Bedtime Story for Toddlers,Children's eBooks > Bedtime & Dreams,Children's eBooks > Animals > Mammals,children's picture book; bedtime stories; toddler books; australian animals; quokka; calm stories,4.99,70%,Not uploaded
45,kids-channel/scripts/sunny-and-the-cricket-choir.json,Sunny And The Cricket Choir,Sonny's Cozy Quokka Bedtime Tales: Sunny And The Cricket Choir,A Calm Bedtime Story for Toddlers,Children's eBooks > Bedtime & Dreams,Children's eBooks > Animals > Mammals,children's picture book; bedtime stories; toddler books; australian animals; quokka; calm stories,4.99,70%,Not uploaded
46,kids-channel/scripts/sunny-and-the-magpie-lullaby.json,Sunny And The Magpie Lullaby,Sonny's Cozy Quokka Bedtime Tales: Sunny And The Magpie Lullaby,A Calm Bedtime Story for Toddlers,Children's eBooks > Bedtime & Dreams,Children's eBooks > Animals > Mammals,children's picture book; bedtime stories; toddler books; australian animals; quokka; calm stories,4.99,70%,Not uploaded
47,kids-channel/scripts/sunny-and-the-bush-silence.json,Sunny And The Bush Silence,Sonny's Cozy Quokka Bedtime Tales: Sunny And The Bush Silence,A Calm Bedtime Story for Toddlers,Children's eBooks > Bedtime & Dreams,Children's eBooks > Animals > Mammals,children's picture book; bedtime stories; toddler books; australian animals; quokka; calm stories,4.99,70%,Not uploaded
48,kids-channel/scripts/sunny-and-the-lorikeet-rainbow.json,Sunny And The Lorikeet Rainbow,Sonny's Cozy Quokka Bedtime Tales: Sunny And The Lorikeet Rainbow,A Calm Bedtime Story for Toddlers,Children's eBooks > Bedtime & Dreams,Children's eBooks > Animals > Mammals,children's picture book; bedtime stories; toddler books; australian animals; quokka; calm stories,4.99,70%,Not uploaded
49,kids-channel/scripts/sunny-and-the-distant-music.json,Sunny And The Distant Music,Sonny's Cozy Quokka Bedtime Tales: Sunny And The Distant Music,A Calm Bedtime Story for Toddlers,Children's eBooks > Bedtime & Dreams,Children's eBooks > Animals > Mammals,children's picture book; bedtime stories; toddler books; australian animals; quokka; calm stories,4.99,70%,Not uploaded
50,kids-channel/scripts/sunny-and-the-baby-wombat.json,Sunny And The Baby Wombat,Sonny's Cozy Quokka Bedtime Tales: Sunny And The Baby Wombat,A Calm Bedtime Story for Toddlers,Children's eBooks > Bedtime & Dreams,Children's eBooks > Animals > Mammals,children's picture book; bedtime stories; toddler books; australian animals; quokka; calm stories,4.99,70%,Not uploaded
51,kids-channel/scripts/sunny-and-the-autumn-leaves.json,Sunny And The Autumn Leaves,Sonny's Cozy Quokka Bedtime Tales: Sunny And The Autumn Leaves,A Calm Bedtime Story for Toddlers,Children's eBooks > Bedtime & Dreams,Children's eBooks > Animals > Mammals,children's picture book; bedtime stories; toddler books; australian animals; quokka; calm stories,4.99,70%,Not uploaded
52,kids-channel/scripts/sunny-and-the-kangaroo-joey.json,Sunny And The Kangaroo Joey,Sonny's Cozy Quokka Bedtime Tales: Sunny And The Kangaroo Joey,A Calm Bedtime Story for Toddlers,Children's eBooks > Bedtime & Dreams,Children's eBooks > Animals > Mammals,children's picture book; bedtime stories; toddler books; australian animals; quokka; calm stories,4.99,70%,Not uploaded
53,kids-channel/scripts/sunny-and-the-spring-blossoms.json,Sunny And The Spring Blossoms,Sonny's Cozy Quokka Bedtime Tales: Sunny And The Spring Blossoms,A Calm Bedtime Story for Toddlers,Children's eBooks > Bedtime & Dreams,Children's eBooks > Animals > Mammals,children's picture book; bedtime stories; toddler books; australian animals; quokka; calm stories,4.99,70%,Not uploaded
54,kids-channel/scripts/sunny-and-the-dingo-pup.json,Sunny And The Dingo Pup,Sonny's Cozy Quokka Bedtime Tales: Sunny And The Dingo Pup,A Calm Bedtime Story for Toddlers,Children's eBooks > Bedtime & Dreams,Children's eBooks > Animals > Mammals,children's picture book; bedtime stories; toddler books; australian animals; quokka; calm stories,4.99,70%,Not uploaded
55,kids-channel/scripts/sunny-and-the-winter-stars.json,Sunny And The Winter Stars,Sonny's Cozy Quokka Bedtime Tales: Sunny And The Winter Stars,A Calm Bedtime Story for Toddlers,Children's eBooks > Bedtime & Dreams,Children's eBooks > Animals > Mammals,children's picture book; bedtime stories; toddler books; australian animals; quokka; calm stories,4.99,70%,Not uploaded
56,kids-channel/scripts/sunny-and-the-nesting-birds.json,Sunny And The Nesting Birds,Sonny's Cozy Quokka Bedtime Tales: Sunny And The Nesting Birds,A Calm Bedtime Story for Toddlers,Children's eBooks > Bedtime & Dreams,Children's eBooks > Animals > Mammals,children's picture book; bedtime stories; toddler books; australian animals; quokka; calm stories,4.99,70%,Not uploaded
57,kids-channel/scripts/sunny-and-the-busy-bee.json,Sunny And The Busy Bee,Sonny's Cozy Quokka Bedtime Tales: Sunny And The Busy Bee,A Calm Bedtime Story for Toddlers,Children's eBooks > Bedtime & Dreams,Children's eBooks > Animals > Mammals,children's picture book; bedtime stories; toddler books; australian animals; quokka; calm stories,4.99,70%,Not uploaded
58,kids-channel/scripts/sunny-finds-a-rainbow.json,Sunny Finds A Rainbow,Sonny's Cozy Quokka Bedtime Tales: Sunny Finds A Rainbow,A Calm Bedtime Story for Toddlers,Children's eBooks > Bedtime & Dreams,Children's eBooks > Animals > Mammals,children's picture book; bedtime stories; toddler books; australian animals; quokka; calm stories,4.99,70%,Not uploaded
59,kids-channel/scripts/sunny-and-the-golden-hour.json,Sunny And The Golden Hour,Sonny's Cozy Quokka Bedtime Tales: Sunny And The Golden Hour,A Calm Bedtime Story for Toddlers,Children's eBooks > Bedtime & Dreams,Children's eBooks > Animals > Mammals,children's picture book; bedtime stories; toddler books; australian animals; quokka; calm stories,4.99,70%,Not uploaded
60,kids-channel/scripts/sunny-and-the-peacock-spider.json,Sunny And The Peacock Spider,Sonny's Cozy Quokka Bedtime Tales: Sunny And The Peacock Spider,A Calm Bedtime Story for Toddlers,Children's eBooks > Bedtime & Dreams,Children's eBooks > Animals > Mammals,children's picture book; bedtime stories; toddler books; australian animals; quokka; calm stories,4.99,70%,Not uploaded
61,kids-channel/scripts/sunny-and-the-secret-garden.json,Sunny And The Secret Garden,Sonny's Cozy Quokka Bedtime Tales: Sunny And The Secret Garden,A Calm Bedtime Story for Toddlers,Children's eBooks > Bedtime & Dreams,Children's eBooks > Animals > Mammals,children's picture book; bedtime stories; toddler books; australian animals; quokka; calm stories,4.99,70%,Not uploaded
62,kids-channel/scripts/sunny-and-the-butterfly.json,Sunny And The Butterfly,Sonny's Cozy Quokka Bedtime Tales: Sunny And The Butterfly,A Calm Bedtime Story for Toddlers,Children's eBooks > Bedtime & Dreams,Children's eBooks > Animals > Mammals,children's picture book; bedtime stories; toddler books; australian animals; quokka; calm stories,4.99,70%,Not uploaded
63,kids-channel/scripts/sunny-and-the-honey-bee.json,Sunny And The Honey Bee,Sonny's Cozy Quokka Bedtime Tales: Sunny And The Honey Bee,A Calm Bedtime Story for Toddlers,Children's eBooks > Bedtime & Dreams,Children's eBooks > Animals > Mammals,children's picture book; bedtime stories; toddler books; australian animals; quokka; calm stories,4.99,70%,Not uploaded
64,kids-channel/scripts/sunny-and-the-moonbow.json,Sunny And The Moonbow,Sonny's Cozy Quokka Bedtime Tales: Sunny And The Moonbow,A Calm Bedtime Story for Toddlers,Children's eBooks > Bedtime & Dreams,Children's eBooks > Animals > Mammals,children's picture book; bedtime stories; toddler books; australian animals; quokka; calm stories,4.99,70%,Not uploaded
65,kids-channel/scripts/sunny-and-the-dewdrop-world.json,Sunny And The Dewdrop World,Sonny's Cozy Quokka Bedtime Tales: Sunny And The Dewdrop World,A Calm Bedtime Story for Toddlers,Children's eBooks > Bedtime & Dreams,Children's eBooks > Animals > Mammals,children's picture book; bedtime stories; toddler books; australian animals; quokka; calm stories,4.99,70%,Not uploaded
66,kids-channel/scripts/sunny-and-the-big-old-gum-tree.json,Sunny And The Big Old Gum Tree,Sonny's Cozy Quokka Bedtime Tales: Sunny And The Big Old Gum Tree,A Calm Bedtime Story for Toddlers,Children's eBooks > Bedtime & Dreams,Children's eBooks > Animals > Mammals,children's picture book; bedtime stories; toddler books; australian animals; quokka; calm stories,4.99,70%,Not uploaded
67,kids-channel/scripts/sunny-finds-her-favourite-spot.json,Sunny Finds Her Favourite Spot,Sonny's Cozy Quokka Bedtime Tales: Sunny Finds Her Favourite Spot,A Calm Bedtime Story for Toddlers,Children's eBooks > Bedtime & Dreams,Children's eBooks > Animals > Mammals,children's picture book; bedtime stories; toddler books; australian animals; quokka; calm stories,4.99,70%,Not uploaded
68,kids-channel/scripts/sunny-and-the-moonlit-meadow.json,Sunny And The Moonlit Meadow,Sonny's Cozy Quokka Bedtime Tales: Sunny And The Moonlit Meadow,A Calm Bedtime Story for Toddlers,Children's eBooks > Bedtime & Dreams,Children's eBooks > Animals > Mammals,children's picture book; bedtime stories; toddler books; australian animals; quokka; calm stories,4.99,70%,Not uploaded
69,kids-channel/scripts/sunny-and-the-sleepy-possum.json,Sunny And The Sleepy Possum,Sonny's Cozy Quokka Bedtime Tales: Sunny And The Sleepy Possum,A Calm Bedtime Story for Toddlers,Children's eBooks > Bedtime & Dreams,Children's eBooks > Animals > Mammals,children's picture book; bedtime stories; toddler books; australian animals; quokka; calm stories,4.99,70%,Not uploaded
70,kids-channel/scripts/sunny-and-the-star-reflection.json,Sunny And The Star Reflection,Sonny's Cozy Quokka Bedtime Tales: Sunny And The Star Reflection,A Calm Bedtime Story for Toddlers,Children's eBooks > Bedtime & Dreams,Children's eBooks > Animals > Mammals,children's picture book; bedtime stories; toddler books; australian animals; quokka; calm stories,4.99,70%,Not uploaded
71,kids-channel/scripts/sunny-meets-the-kelpie.json,Sunny Meets The Kelpie,Sonny's Cozy Quokka Bedtime Tales: Sunny Meets The Kelpie,A Calm Bedtime Story for Toddlers,Children's eBooks > Bedtime & Dreams,Children's eBooks > Animals > Mammals,children's picture book; bedtime stories; toddler books; australian animals; quokka; calm stories,4.99,70%,Not uploaded
72,kids-channel/scripts/sunny-and-the-night-jasmine.json,Sunny And The Night Jasmine,Sonny's Cozy Quokka Bedtime Tales: Sunny And The Night Jasmine,A Calm Bedtime Story for Toddlers,Children's eBooks > Bedtime & Dreams,Children's eBooks > Animals > Mammals,children's picture book; bedtime stories; toddler books; australian animals; quokka; calm stories,4.99,70%,Not uploaded
73,kids-channel/scripts/sunny-finds-a-cosy-hollow.json,Sunny Finds A Cosy Hollow,Sonny's Cozy Quokka Bedtime Tales: Sunny Finds A Cosy Hollow,A Calm Bedtime Story for Toddlers,Children's eBooks > Bedtime & Dreams,Children's eBooks > Animals > Mammals,children's picture book; bedtime stories; toddler books; australian animals; quokka; calm stories,4.99,70%,Not uploaded
74,kids-channel/scripts/sunny-and-the-silver-web.json,Sunny And The Silver Web,Sonny's Cozy Quokka Bedtime Tales: Sunny And The Silver Web,A Calm Bedtime Story for Toddlers,Children's eBooks > Bedtime & Dreams,Children's eBooks > Animals > Mammals,children's picture book; bedtime stories; toddler books; australian animals; quokka; calm stories,4.99,70%,Not uploaded
75,kids-channel/scripts/sunny-and-the-gentle-fawn.json,Sunny And The Gentle Fawn,Sonny's Cozy Quokka Bedtime Tales: Sunny And The Gentle Fawn,A Calm Bedtime Story for Toddlers,Children's eBooks > Bedtime & Dreams,Children's eBooks > Animals > Mammals,children's picture book; bedtime stories; toddler books; australian animals; quokka; calm stories,4.99,70%,Not uploaded
76,kids-channel/scripts/sunny-listens-to-the-wind.json,Sunny Listens To The Wind,Sonny's Cozy Quokka Bedtime Tales: Sunny Listens To The Wind,A Calm Bedtime Story for Toddlers,Children's eBooks > Bedtime & Dreams,Children's eBooks > Animals > Mammals,children's picture book; bedtime stories; toddler books; australian animals; quokka; calm stories,4.99,70%,Not uploaded
77,kids-channel/scripts/sunny-and-the-glowing-fungi.json,Sunny And The Glowing Fungi,Sonny's Cozy Quokka Bedtime Tales: Sunny And The Glowing Fungi,A Calm Bedtime Story for Toddlers,Children's eBooks > Bedtime & Dreams,Children's eBooks > Animals > Mammals,children's picture book; bedtime stories; toddler books; australian animals; quokka; calm stories,4.99,70%,Not uploaded
78,kids-channel/scripts/sunny-and-the-sleepy-creek.json,Sunny And The Sleepy Creek,Sonny's Cozy Quokka Bedtime Tales: Sunny And The Sleepy Creek,A Calm Bedtime Story for Toddlers,Children's eBooks > Bedtime & Dreams,Children's eBooks > Animals > Mammals,children's picture book; bedtime stories; toddler books; australian animals; quokka; calm stories,4.99,70%,Not uploaded
79,kids-channel/scripts/sunny-meets-the-ringtail-possum.json,Sunny Meets The Ringtail Possum,Sonny's Cozy Quokka Bedtime Tales: Sunny Meets The Ringtail Possum,A Calm Bedtime Story for Toddlers,Children's eBooks > Bedtime & Dreams,Children's eBooks > Animals > Mammals,children's picture book; bedtime stories; toddler books; australian animals; quokka; calm stories,4.99,70%,Not uploaded
80,kids-channel/scripts/sunny-and-the-warm-burrow.json,Sunny And The Warm Burrow,Sonny's Cozy Quokka Bedtime Tales: Sunny And The Warm Burrow,A Calm Bedtime Story for Toddlers,Children's eBooks > Bedtime & Dreams,Children's eBooks > Animals > Mammals,children's picture book; bedtime stories; toddler books; australian animals; quokka; calm stories,4.99,70%,Not uploaded
81,kids-channel/scripts/sunny-finds-the-lost-star.json,Sunny Finds The Lost Star,Sonny's Cozy Quokka Bedtime Tales: Sunny Finds The Lost Star,A Calm Bedtime Story for Toddlers,Children's eBooks > Bedtime & Dreams,Children's eBooks > Animals > Mammals,children's picture book; bedtime stories; toddler books; australian animals; quokka; calm stories,4.99,70%,Not uploaded
82,kids-channel/scripts/sunny-and-the-whispering-trees.json,Sunny And The Whispering Trees,Sonny's Cozy Quokka Bedtime Tales: Sunny And The Whispering Trees,A Calm Bedtime Story for Toddlers,Children's eBooks > Bedtime & Dreams,Children's eBooks > Animals > Mammals,children's picture book; bedtime stories; toddler books; australian animals; quokka; calm stories,4.99,70%,Not uploaded
83,kids-channel/scripts/sunny-and-the-soft-feathers.json,Sunny And The Soft Feathers,Sonny's Cozy Quokka Bedtime Tales: Sunny And The Soft Feathers,A Calm Bedtime Story for Toddlers,Children's eBooks > Bedtime & Dreams,Children's eBooks > Animals > Mammals,children's picture book; bedtime stories; toddler books; australian animals; quokka; calm stories,4.99,70%,Not uploaded
84,kids-channel/scripts/sunny-discovers-the-night-garden.json,Sunny Discovers The Night Garden,Sonny's Cozy Quokka Bedtime Tales: Sunny Discovers The Night Garden,A Calm Bedtime Story for Toddlers,Children's eBooks > Bedtime & Dreams,Children's eBooks > Animals > Mammals,children's picture book; bedtime stories; toddler books; australian animals; quokka; calm stories,4.99,70%,Not uploaded
85,kids-channel/scripts/sunny-and-the-gentle-wallaby.json,Sunny And The Gentle Wallaby,Sonny's Cozy Quokka Bedtime Tales: Sunny And The Gentle Wallaby,A Calm Bedtime Story for Toddlers,Children's eBooks > Bedtime & Dreams,Children's eBooks > Animals > Mammals,children's picture book; bedtime stories; toddler books; australian animals; quokka; calm stories,4.99,70%,Not uploaded
86,kids-channel/scripts/sunny-and-the-peaceful-night.json,Sunny And The Peaceful Night,Sonny's Cozy Quokka Bedtime Tales: Sunny And The Peaceful Night,A Calm Bedtime Story for Toddlers,Children's eBooks > Bedtime & Dreams,Children's eBooks > Animals > Mammals,children's picture book; bedtime stories; toddler books; australian animals; quokka; calm stories,4.99,70%,Not uploaded
87,kids-channel/scripts/sunny-and-the-quiet-stars.json,Sunny And The Quiet Stars,Sonny's Cozy Quokka Bedtime Tales: Sunny And The Quiet Stars,A Calm Bedtime Story for Toddlers,Children's eBooks > Bedtime & Dreams,Children's eBooks > Animals > Mammals,children's picture book; bedtime stories; toddler books; australian animals; quokka; calm stories,4.99,70%,Not uploaded
88,kids-channel/scripts/sunny-and-the-sleepy-magpie.json,Sunny And The Sleepy Magpie,Sonny's Cozy Quokka Bedtime Tales: Sunny And The Sleepy Magpie,A Calm Bedtime Story for Toddlers,Children's eBooks > Bedtime & Dreams,Children's eBooks > Animals > Mammals,children's picture book; bedtime stories; toddler books; australian animals; quokka; calm stories,4.99,70%,Not uploaded
89,kids-channel/scripts/sunny-and-the-moonlight-shadow.json,Sunny And The Moonlight Shadow,Sonny's Cozy Quokka Bedtime Tales: Sunny And The Moonlight Shadow,A Calm Bedtime Story for Toddlers,Children's eBooks > Bedtime & Dreams,Children's eBooks > Animals > Mammals,children's picture book; bedtime stories; toddler books; australian animals; quokka; calm stories,4.99,70%,Not uploaded
90,kids-channel/scripts/sunny-and-the-cosy-nest.json,Sunny And The Cosy Nest,Sonny's Cozy Quokka Bedtime Tales: Sunny And The Cosy Nest,A Calm Bedtime Story for Toddlers,Children's eBooks > Bedtime & Dreams,Children's eBooks > Animals > Mammals,children's picture book; bedtime stories; toddler books; australian animals; quokka; calm stories,4.99,70%,Not uploaded
91,kids-channel/scripts/sunny-meets-the-sugar-glider-family.json,Sunny Meets The Sugar Glider Family,Sonny's Cozy Quokka Bedtime Tales: Sunny Meets The Sugar Glider Family,A Calm Bedtime Story for Toddlers,Children's eBooks > Bedtime & Dreams,Children's eBooks > Animals > Mammals,children's picture book; bedtime stories; toddler books; australian animals; quokka; calm stories,4.99,70%,Not uploaded
92,kids-channel/scripts/sunny-and-the-lullaby-breeze.json,Sunny And The Lullaby Breeze,Sonny's Cozy Quokka Bedtime Tales: Sunny And The Lullaby Breeze,A Calm Bedtime Story for Toddlers,Children's eBooks > Bedtime & Dreams,Children's eBooks > Animals > Mammals,children's picture book; bedtime stories; toddler books; australian animals; quokka; calm stories,4.99,70%,Not uploaded
93,kids-channel/scripts/sunny-finds-comfort-in-the-bush.json,Sunny Finds Comfort In The Bush,Sonny's Cozy Quokka Bedtime Tales: Sunny Finds Comfort In The Bush,A Calm Bedtime Story for Toddlers,Children's eBooks > Bedtime & Dreams,Children's eBooks > Animals > Mammals,children's picture book; bedtime stories; toddler books; australian animals; quokka; calm stories,4.99,70%,Not uploaded
94,kids-channel/scripts/sunny-and-the-star-path.json,Sunny And The Star Path,Sonny's Cozy Quokka Bedtime Tales: Sunny And The Star Path,A Calm Bedtime Story for Toddlers,Children's eBooks > Bedtime & Dreams,Children's eBooks > Animals > Mammals,children's picture book; bedtime stories; toddler books; australian animals; quokka; calm stories,4.99,70%,Not uploaded
95,kids-channel/scripts/sunny-and-the-drowsy-fireflies.json,Sunny And The Drowsy Fireflies,Sonny's Cozy Quokka Bedtime Tales: Sunny And The Drowsy Fireflies,A Calm Bedtime Story for Toddlers,Children's eBooks > Bedtime & Dreams,Children's eBooks > Animals > Mammals,children's picture book; bedtime stories; toddler books; australian animals; quokka; calm stories,4.99,70%,Not uploaded
96,kids-channel/scripts/sunny-and-the-warm-breeze.json,Sunny And The Warm Breeze,Sonny's Cozy Quokka Bedtime Tales: Sunny And The Warm Breeze,A Calm Bedtime Story for Toddlers,Children's eBooks > Bedtime & Dreams,Children's eBooks > Animals > Mammals,children's picture book; bedtime stories; toddler books; australian animals; quokka; calm stories,4.99,70%,Not uploaded
97,kids-channel/scripts/sunny-and-the-settling-night.json,Sunny And The Settling Night,Sonny's Cozy Quokka Bedtime Tales: Sunny And The Settling Night,A Calm Bedtime Story for Toddlers,Children's eBooks > Bedtime & Dreams,Children's eBooks > Animals > Mammals,children's picture book; bedtime stories; toddler books; australian animals; quokka; calm stories,4.99,70%,Not uploaded
98,kids-channel/scripts/sunny-and-the-peaceful-forest.json,Sunny And The Peaceful Forest,Sonny's Cozy Quokka Bedtime Tales: Sunny And The Peaceful Forest,A Calm Bedtime Story for Toddlers,Children's eBooks > Bedtime & Dreams,Children's eBooks > Animals > Mammals,children's picture book; bedtime stories; toddler books; australian animals; quokka; calm stories,4.99,70%,Not uploaded
99,kids-channel/scripts/sunny-and-the-gentle-stream-song.json,Sunny And The Gentle Stream Song,Sonny's Cozy Quokka Bedtime Tales: Sunny And The Gentle Stream Song,A Calm Bedtime Story for Toddlers,Children's eBooks > Bedtime & Dreams,Children's eBooks > Animals > Mammals,children's picture book; bedtime stories; toddler books; australian animals; quokka; calm stories,4.99,70%,Not uploaded
100,kids-channel/scripts/sunny-and-the-cosy-gum-tree.json,Sunny And The Cosy Gum Tree,Sonny's Cozy Quokka Bedtime Tales: Sunny And The Cosy Gum Tree,A Calm Bedtime Story for Toddlers,Children's eBooks > Bedtime & Dreams,Children's eBooks > Animals > Mammals,children's picture book; bedtime stories; toddler books; australian animals; quokka; calm stories,4.99,70%,Not uploaded
101,kids-channel/scripts/sunny-and-the-starlit-path.json,Sunny And The Starlit Path,Sonny's Cozy Quokka Bedtime Tales: Sunny And The Starlit Path,A Calm Bedtime Story for Toddlers,Children's eBooks > Bedtime & Dreams,Children's eBooks > Animals > Mammals,children's picture book; bedtime stories; toddler books; australian animals; quokka; calm stories,4.99,70%,Not uploaded
102,kids-channel/scripts/sunny-and-the-sleepy-eucalyptus.json,Sunny And The Sleepy Eucalyptus,Sonny's Cozy Quokka Bedtime Tales: Sunny And The Sleepy Eucalyptus,A Calm Bedtime Story for Toddlers,Children's eBooks > Bedtime & Dreams,Children's eBooks > Animals > Mammals,children's picture book; bedtime stories; toddler books; australian animals; quokka; calm stories,4.99,70%,Not uploaded
103,kids-channel/scripts/sunny-and-the-soft-shadows.json,Sunny And The Soft Shadows,Sonny's Cozy Quokka Bedtime Tales: Sunny And The Soft Shadows,A Calm Bedtime Story for Toddlers,Children's eBooks > Bedtime & Dreams,Children's eBooks > Animals > Mammals,children's picture book; bedtime stories; toddler books; australian animals; quokka; calm stories,4.99,70%,Not uploaded
104,kids-channel/scripts/sunny-and-the-dreamy-night.json,Sunny And The Dreamy Night,Sonny's Cozy Quokka Bedtime Tales: Sunny And The Dreamy Night,A Calm Bedtime Story for Toddlers,Children's eBooks > Bedtime & Dreams,Children's eBooks > Animals > Mammals,children's picture book; bedtime stories; toddler books; australian animals; quokka; calm stories,4.99,70%,Not uploaded
105,kids-channel/scripts/sunny-and-the-quiet-hollow.json,Sunny And The Quiet Hollow,Sonny's Cozy Quokka Bedtime Tales: Sunny And The Quiet Hollow,A Calm Bedtime Story for Toddlers,Children's eBooks > Bedtime & Dreams,Children's eBooks > Animals > Mammals,children's picture book; bedtime stories; toddler books; australian animals; quokka; calm stories,4.99,70%,Not uploaded
106,kids-channel/scripts/sunny-and-the-peaceful-animals.json,Sunny And The Peaceful Animals,Sonny's Cozy Quokka Bedtime Tales: Sunny And The Peaceful Animals,A Calm Bedtime Story for Toddlers,Children's eBooks > Bedtime & Dreams,Children's eBooks > Animals > Mammals,children's picture book; bedtime stories; toddler books; australian animals; quokka; calm stories,4.99,70%,Not uploaded
107,kids-channel/scripts/sunny-finds-her-rest.json,Sunny Finds Her Rest,Sonny's Cozy Quokka Bedtime Tales: Sunny Finds Her Rest,A Calm Bedtime Story for Toddlers,Children's eBooks > Bedtime & Dreams,Children's eBooks > Animals > Mammals,children's picture book; bedtime stories; toddler books; australian animals; quokka; calm stories,4.99,70%,Not uploaded
108,kids-channel/scripts/sunny-and-the-moonlit-friendship.json,Sunny And The Moonlit Friendship,Sonny's Cozy Quokka Bedtime Tales: Sunny And The Moonlit Friendship,A Calm Bedtime Story for Toddlers,Children's eBooks > Bedtime & Dreams,Children's eBooks > Animals > Mammals,children's picture book; bedtime stories; toddler books; australian animals; quokka; calm stories,4.99,70%,Not uploaded
109,kids-channel/scripts/sunny-and-the-sleepy-valley.json,Sunny And The Sleepy Valley,Sonny's Cozy Quokka Bedtime Tales: Sunny And The Sleepy Valley,A Calm Bedtime Story for Toddlers,Children's eBooks > Bedtime & Dreams,Children's eBooks > Animals > Mammals,children's picture book; bedtime stories; toddler books; australian animals; quokka; calm stories,4.99,70%,Not uploaded
110,kids-channel/scripts/sunny-and-the-warm-den.json,Sunny And The Warm Den,Sonny's Cozy Quokka Bedtime Tales: Sunny And The Warm Den,A Calm Bedtime Story for Toddlers,Children's eBooks > Bedtime & Dreams,Children's eBooks > Animals > Mammals,children's picture book; bedtime stories; toddler books; australian animals; quokka; calm stories,4.99,70%,Not uploaded
111,kids-channel/scripts/sunny-and-the-gentle-company.json,Sunny And The Gentle Company,Sonny's Cozy Quokka Bedtime Tales: Sunny And The Gentle Company,A Calm Bedtime Story for Toddlers,Children's eBooks > Bedtime & Dreams,Children's eBooks > Animals > Mammals,children's picture book; bedtime stories; toddler books; australian animals; quokka; calm stories,4.99,70%,Not uploaded
112,kids-channel/scripts/sunny-and-the-settling-stars.json,Sunny And The Settling Stars,Sonny's Cozy Quokka Bedtime Tales: Sunny And The Settling Stars,A Calm Bedtime Story for Toddlers,Children's eBooks > Bedtime & Dreams,Children's eBooks > Animals > Mammals,children's picture book; bedtime stories; toddler books; australian animals; quokka; calm stories,4.99,70%,Not uploaded
113,kids-channel/scripts/sunny-and-the-cosy-circle.json,Sunny And The Cosy Circle,Sonny's Cozy Quokka Bedtime Tales: Sunny And The Cosy Circle,A Calm Bedtime Story for Toddlers,Children's eBooks > Bedtime & Dreams,Children's eBooks > Animals > Mammals,children's picture book; bedtime stories; toddler books; australian animals; quokka; calm stories,4.99,70%,Not uploaded
114,kids-channel/scripts/sunny-and-the-lullaby-song.json,Sunny And The Lullaby Song,Sonny's Cozy Quokka Bedtime Tales: Sunny And The Lullaby Song,A Calm Bedtime Story for Toddlers,Children's eBooks > Bedtime & Dreams,Children's eBooks > Animals > Mammals,children's picture book; bedtime stories; toddler books; australian animals; quokka; calm stories,4.99,70%,Not uploaded
115,kids-channel/scripts/sunny-and-the-peaceful-clearing.json,Sunny And The Peaceful Clearing,Sonny's Cozy Quokka Bedtime Tales: Sunny And The Peaceful Clearing,A Calm Bedtime Story for Toddlers,Children's eBooks > Bedtime & Dreams,Children's eBooks > Animals > Mammals,children's picture book; bedtime stories; toddler books; australian animals; quokka; calm stories,4.99,70%,Not uploaded
116,kids-channel/scripts/sunny-and-the-soft-moonlight.json,Sunny And The Soft Moonlight,Sonny's Cozy Quokka Bedtime Tales: Sunny And The Soft Moonlight,A Calm Bedtime Story for Toddlers,Children's eBooks > Bedtime & Dreams,Children's eBooks > Animals > Mammals,children's picture book; bedtime stories; toddler books; australian animals; quokka; calm stories,4.99,70%,Not uploaded
117,kids-channel/scripts/sunny-and-the-drowsy-animals.json,Sunny And The Drowsy Animals,Sonny's Cozy Quokka Bedtime Tales: Sunny And The Drowsy Animals,A Calm Bedtime Story for Toddlers,Children's eBooks > Bedtime & Dreams,Children's eBooks > Animals > Mammals,children's picture book; bedtime stories; toddler books; australian animals; quokka; calm stories,4.99,70%,Not uploaded
118,kids-channel/scripts/sunny-and-the-safe-hollow.json,Sunny And The Safe Hollow,Sonny's Cozy Quokka Bedtime Tales: Sunny And The Safe Hollow,A Calm Bedtime Story for Toddlers,Children's eBooks > Bedtime & Dreams,Children's eBooks > Animals > Mammals,children's picture book; bedtime stories; toddler books; australian animals; quokka; calm stories,4.99,70%,Not uploaded
119,kids-channel/scripts/sunny-and-the-warm-companionship.json,Sunny And The Warm Companionship,Sonny's Cozy Quokka Bedtime Tales: Sunny And The Warm Companionship,A Calm Bedtime Story for Toddlers,Children's eBooks > Bedtime & Dreams,Children's eBooks > Animals > Mammals,children's picture book; bedtime stories; toddler books; australian animals; quokka; calm stories,4.99,70%,Not uploaded
120,kids-channel/scripts/sunny-and-the-settling-earth.json,Sunny And The Settling Earth,Sonny's Cozy Quokka Bedtime Tales: Sunny And The Settling Earth,A Calm Bedtime Story for Toddlers,Children's eBooks > Bedtime & Dreams,Children's eBooks > Animals > Mammals,children's picture book; bedtime stories; toddler books; australian animals; quokka; calm stories,4.99,70%,Not uploaded
121,kids-channel/scripts/sunny-and-the-gentle-rest.json,Sunny And The Gentle Rest,Sonny's Cozy Quokka Bedtime Tales: Sunny And The Gentle Rest,A Calm Bedtime Story for Toddlers,Children's eBooks > Bedtime & Dreams,Children's eBooks > Animals > Mammals,children's picture book; bedtime stories; toddler books; australian animals; quokka; calm stories,4.99,70%,Not uploaded
122,kids-channel/scripts/sunny-and-the-starlit-dreams.json,Sunny And The Starlit Dreams,Sonny's Cozy Quokka Bedtime Tales: Sunny And The Starlit Dreams,A Calm Bedtime Story for Toddlers,Children's eBooks > Bedtime & Dreams,Children's eBooks > Animals > Mammals,children's picture book; bedtime stories; toddler books; australian animals; quokka; calm stories,4.99,70%,Not uploaded
123,kids-channel/scripts/sunny-and-the-cosy-family.json,Sunny And The Cosy Family,Sonny's Cozy Quokka Bedtime Tales: Sunny And The Cosy Family,A Calm Bedtime Story for Toddlers,Children's eBooks > Bedtime & Dreams,Children's eBooks > Animals > Mammals,children's picture book; bedtime stories; toddler books; australian animals; quokka; calm stories,4.99,70%,Not uploaded
124,kids-channel/scripts/sunny-and-the-peaceful-slumber.json,Sunny And The Peaceful Slumber,Sonny's Cozy Quokka Bedtime Tales: Sunny And The Peaceful Slumber,A Calm Bedtime Story for Toddlers,Children's eBooks > Bedtime & Dreams,Children's eBooks > Animals > Mammals,children's picture book; bedtime stories; toddler books; australian animals; quokka; calm stories,4.99,70%,Not uploaded
125,kids-channel/scripts/sunny-and-the-moonlit-embrace.json,Sunny And The Moonlit Embrace,Sonny's Cozy Quokka Bedtime Tales: Sunny And The Moonlit Embrace,A Calm Bedtime Story for Toddlers,Children's eBooks > Bedtime & Dreams,Children's eBooks > Animals > Mammals,children's picture book; bedtime stories; toddler books; australian animals; quokka; calm stories,4.99,70%,Not uploaded
126,kids-channel/scripts/sunny-and-the-soft-breathing.json,Sunny And The Soft Breathing,Sonny's Cozy Quokka Bedtime Tales: Sunny And The Soft Breathing,A Calm Bedtime Story for Toddlers,Children's eBooks > Bedtime & Dreams,Children's eBooks > Animals > Mammals,children's picture book; bedtime stories; toddler books; australian animals; quokka; calm stories,4.99,70%,Not uploaded
127,kids-channel/scripts/sunny-and-the-settling-dusk.json,Sunny And The Settling Dusk,Sonny's Cozy Quokka Bedtime Tales: Sunny And The Settling Dusk,A Calm Bedtime Story for Toddlers,Children's eBooks > Bedtime & Dreams,Children's eBooks > Animals > Mammals,children's picture book; bedtime stories; toddler books; australian animals; quokka; calm stories,4.99,70%,Not uploaded
128,kids-channel/scripts/sunny-and-the-warm-snuggle.json,Sunny And The Warm Snuggle,Sonny's Cozy Quokka Bedtime Tales: Sunny And The Warm Snuggle,A Calm Bedtime Story for Toddlers,Children's eBooks > Bedtime & Dreams,Children's eBooks > Animals > Mammals,children's picture book; bedtime stories; toddler books; australian animals; quokka; calm stories,4.99,70%,Not uploaded
129,kids-channel/scripts/sunny-and-the-gentle-dreams.json,Sunny And The Gentle Dreams,Sonny's Cozy Quokka Bedtime Tales: Sunny And The Gentle Dreams,A Calm Bedtime Story for Toddlers,Children's eBooks > Bedtime & Dreams,Children's eBooks > Animals > Mammals,children's picture book; bedtime stories; toddler books; australian animals; quokka; calm stories,4.99,70%,Not uploaded
130,kids-channel/scripts/sunny-and-the-peaceful-night-forest.json,Sunny And The Peaceful Night Forest,Sonny's Cozy Quokka Bedtime Tales: Sunny And The Peaceful Night Forest,A Calm Bedtime Story for Toddlers,Children's eBooks > Bedtime & Dreams,Children's eBooks > Animals > Mammals,children's picture book; bedtime stories; toddler books; australian animals; quokka; calm stories,4.99,70%,Not uploaded
131,kids-channel/scripts/sunny-and-the-sleepy-friends.json,Sunny And The Sleepy Friends,Sonny's Cozy Quokka Bedtime Tales: Sunny And The Sleepy Friends,A Calm Bedtime Story for Toddlers,Children's eBooks > Bedtime & Dreams,Children's eBooks > Animals > Mammals,children's picture book; bedtime stories; toddler books; australian animals; quokka; calm stories,4.99,70%,Not uploaded
132,kids-channel/scripts/sunny-finds-the-perfect-rest.json,Sunny Finds The Perfect Rest,Sonny's Cozy Quokka Bedtime Tales: Sunny Finds The Perfect Rest,A Calm Bedtime Story for Toddlers,Children's eBooks > Bedtime & Dreams,Children's eBooks > Animals > Mammals,children's picture book; bedtime stories; toddler books; australian animals; quokka; calm stories,4.99,70%,Not uploaded
133,kids-channel/scripts/sunny-and-the-cosy-bedtime.json,Sunny And The Cosy Bedtime,Sonny's Cozy Quokka Bedtime Tales: Sunny And The Cosy Bedtime,A Calm Bedtime Story for Toddlers,Children's eBooks > Bedtime & Dreams,Children's eBooks > Animals > Mammals,children's picture book; bedtime stories; toddler books; australian animals; quokka; calm stories,4.99,70%,Not uploaded
134,kids-channel/scripts/sunny-and-the-lullaby-stars.json,Sunny And The Lullaby Stars,Sonny's Cozy Quokka Bedtime Tales: Sunny And The Lullaby Stars,A Calm Bedtime Story for Toddlers,Children's eBooks > Bedtime & Dreams,Children's eBooks > Animals > Mammals,children's picture book; bedtime stories; toddler books; australian animals; quokka; calm stories,4.99,70%,Not uploaded
135,kids-channel/scripts/sunny-and-the-quiet-dreams.json,Sunny And The Quiet Dreams,Sonny's Cozy Quokka Bedtime Tales: Sunny And The Quiet Dreams,A Calm Bedtime Story for Toddlers,Children's eBooks > Bedtime & Dreams,Children's eBooks > Animals > Mammals,children's picture book; bedtime stories; toddler books; australian animals; quokka; calm stories,4.99,70%,Not uploaded
136,kids-channel/scripts/sunny-and-the-starlit-rest.json,Sunny And The Starlit Rest,Sonny's Cozy Quokka Bedtime Tales: Sunny And The Starlit Rest,A Calm Bedtime Story for Toddlers,Children's eBooks > Bedtime & Dreams,Children's eBooks > Animals > Mammals,children's picture book; bedtime stories; toddler books; australian animals; quokka; calm stories,4.99,70%,Not uploaded
137,kids-channel/scripts/sunny-and-the-warm-sleep.json,Sunny And The Warm Sleep,Sonny's Cozy Quokka Bedtime Tales: Sunny And The Warm Sleep,A Calm Bedtime Story for Toddlers,Children's eBooks > Bedtime & Dreams,Children's eBooks > Animals > Mammals,children's picture book; bedtime stories; toddler books; australian animals; quokka; calm stories,4.99,70%,Not uploaded
138,kids-channel/scripts/sunny-and-the-moonlight-magic.json,Sunny And The Moonlight Magic,Sonny's Cozy Quokka Bedtime Tales: Sunny And The Moonlight Magic,A Calm Bedtime Story for Toddlers,Children's eBooks > Bedtime & Dreams,Children's eBooks > Animals > Mammals,children's picture book; bedtime stories; toddler books; australian animals; quokka; calm stories,4.99,70%,Not uploaded
139,kids-channel/scripts/sunny-and-the-gentle-slumber.json,Sunny And The Gentle Slumber,Sonny's Cozy Quokka Bedtime Tales: Sunny And The Gentle Slumber,A Calm Bedtime Story for Toddlers,Children's eBooks > Bedtime & Dreams,Children's eBooks > Animals > Mammals,children's picture book; bedtime stories; toddler books; australian animals; quokka; calm stories,4.99,70%,Not uploaded
140,kids-channel/scripts/sunny-and-the-peaceful-embrace.json,Sunny And The Peaceful Embrace,Sonny's Cozy Quokka Bedtime Tales: Sunny And The Peaceful Embrace,A Calm Bedtime Story for Toddlers,Children's eBooks > Bedtime & Dreams,Children's eBooks > Animals > Mammals,children's picture book; bedtime stories; toddler books; australian animals; quokka; calm stories,4.99,70%,Not uploaded
141,kids-channel/scripts/sunny-and-the-soft-night-sky.json,Sunny And The Soft Night Sky,Sonny's Cozy Quokka Bedtime Tales: Sunny And The Soft Night Sky,A Calm Bedtime Story for Toddlers,Children's eBooks > Bedtime & Dreams,Children's eBooks > Animals > Mammals,children's picture book; bedtime stories; toddler books; australian animals; quokka; calm stories,4.99,70%,Not uploaded
142,kids-channel/scripts/sunny-and-the-settling-peace.json,Sunny And The Settling Peace,Sonny's Cozy Quokka Bedtime Tales: Sunny And The Settling Peace,A Calm Bedtime Story for Toddlers,Children's eBooks > Bedtime & Dreams,Children's eBooks > Animals > Mammals,children's picture book; bedtime stories; toddler books; australian animals; quokka; calm stories,4.99,70%,Not uploaded
143,kids-channel/scripts/sunny-and-the-drowsy-glow.json,Sunny And The Drowsy Glow,Sonny's Cozy Quokka Bedtime Tales: Sunny And The Drowsy Glow,A Calm Bedtime Story for Toddlers,Children's eBooks > Bedtime & Dreams,Children's eBooks > Animals > Mammals,children's picture book; bedtime stories; toddler books; australian animals; quokka; calm stories,4.99,70%,Not uploaded
144,kids-channel/scripts/sunny-and-the-cosy-goodnight.json,Sunny And The Cosy Goodnight,Sonny's Cozy Quokka Bedtime Tales: Sunny And The Cosy Goodnight,A Calm Bedtime Story for Toddlers,Children's eBooks > Bedtime & Dreams,Children's eBooks > Animals > Mammals,children's picture book; bedtime stories; toddler books; australian animals; quokka; calm stories,4.99,70%,Not uploaded
145,kids-channel/scripts/sunny-and-the-safe-dreams.json,Sunny And The Safe Dreams,Sonny's Cozy Quokka Bedtime Tales: Sunny And The Safe Dreams,A Calm Bedtime Story for Toddlers,Children's eBooks > Bedtime & Dreams,Children's eBooks > Animals > Mammals,children's picture book; bedtime stories; toddler books; australian animals; quokka; calm stories,4.99,70%,Not uploaded
146,kids-channel/scripts/sunny-and-the-final-star.json,Sunny And The Final Star,Sonny's Cozy Quokka Bedtime Tales: Sunny And The Final Star,A Calm Bedtime Story for Toddlers,Children's eBooks > Bedtime & Dreams,Children's eBooks > Animals > Mammals,children's picture book; bedtime stories; toddler books; australian animals; quokka; calm stories,4.99,70%,Not uploaded
147,kids-channel/scripts/sunny-dreams-of-tomorrow.json,Sunny Dreams Of Tomorrow,Sonny's Cozy Quokka Bedtime Tales: Sunny Dreams Of Tomorrow,A Calm Bedtime Story for Toddlers,Children's eBooks > Bedtime & Dreams,Children's eBooks > Animals > Mammals,children's picture book; bedtime stories; toddler books; australian animals; quokka; calm stories,4.99,70%,Not uploaded
148,kids-channel/scripts/sunny-and-the-ever-returning-stars.json,Sunny And The Ever Returning Stars,Sonny's Cozy Quokka Bedtime Tales: Sunny And The Ever Returning Stars,A Calm Bedtime Story for Toddlers,Children's eBooks > Bedtime & Dreams,Children's eBooks > Animals > Mammals,children's picture book; bedtime stories; toddler books; australian animals; quokka; calm stories,4.99,70%,Not uploaded
149,kids-channel/scripts/sunny-sleeps-under-the-stars.json,Sunny Sleeps Under The Stars,Sonny's Cozy Quokka Bedtime Tales: Sunny Sleeps Under The Stars,A Calm Bedtime Story for Toddlers,Children's eBooks > Bedtime & Dreams,Children's eBooks > Animals > Mammals,children's picture book; bedtime stories; toddler books; australian animals; quokka; calm stories,4.99,70%,Not uploaded
