page_num	job_id
3	e16992f1-ba8e-4523-8921-07e80fb7d2bd
4	cfa814fc-dbf2-43e7-8894-c8825d7ed00c
5	ea8beafe-5d8a-4061-8d3f-598058759b25
6	f832477b-8d26-4ba0-a18a-dc222281587b
7	e688ee0b-9081-472a-8c44-85315acb51e8
8	1fb6d18b-ae98-4afb-a376-952fd1cd2775
9	5164bcdf-515e-4661-a02d-da6071292a53
10	5f910301-53e0-4eb4-833c-4aa8d8c6e1e5
11	25f48a9a-3b3d-49a8-8d8f-822c7a0f6587
12	402b6b09-2c2f-48cf-8d04-cd14c552a473
13	b331db96-cbb5-44e3-a749-472ca9ceffe7
14	86dd2fa7-d5d0-406a-8418-6d6450495518
15	13f057c8-975d-413a-8d03-31c50c98b1bc
16	a5605282-4579-4a00-9e13-e6d5d7ebf6b5
17	9f2a6c85-ce3e-4cca-a55e-ce90bc3e89c9
18	5fa6f858-a2d9-4429-a544-8070594cc381
19	33cde1c0-4ad1-4301-89e6-339542f7e125
20	6c205cd5-d25a-4b74-b2d8-727f9a14e8b1
21	f7646001-03fa-4671-b913-101be97ec8bf
22	94eb8087-25c2-419e-861a-76b3bec4cdb2
